Published,Effective,Event,Tariff Notification,ERAM Notification,Gold Tariff (USD/10g),Silver Tariff (USD/kg),USD INR (Import),USD INR (Export),Gold London Fix (USD/oz),Gold Tariff (USD/troy oz),Silver London Fix (USD/oz),Silver Tariff (USD/troy oz),Fix Date,Gold Value (INR/kg),Gold Duty (INR/kg),Gold Duty Increase/Decrease (INR/kg),Silver Value (INR/kg),Silver Duty (INR/kg),Silver Duty Increase/Decrease (INR/kg),Source URL,Source Type
2026-01-13,2026-01-14,Tariff value,01/2026-Customs (N.T) *,,1485.0,2724.0,90.8,89.1,4623.05,4618.866305,85.82,84.725871,2026-01-13,13483800.0,2022570.0,,247339.2,37100.88,,,
2026-01-15,2026-01-16,Tariff value,06/2026-Customs (N.T),,1483.0,2950.0,90.8,89.1,4610.85,4612.645609,91.265,91.755257,2026-01-15,13465640.0,2019846.0,-2724.0,267860.0,40179.0,3078.12,,
2026-01-15,2026-01-16,Exchange rate,,02/2026,1483.0,2950.0,91.2,89.5,,4612.645609,,91.755257,,13524960.0,2028744.0,8898.0,269040.0,40356.0,177.0,https://foservices.icegate.gov.in/#/services/notifyPublishScreen,portal
2026-01-22,2026-01-23,Tariff value,08/2026-Customs (N.T),,1567.0,2950.0,91.2,89.5,4832.05,4873.914815,93.38,91.755257,2026-01-22,14291040.0,2143656.0,114912.0,269040.0,40356.0,0.0,,
2026-01-23,2026-01-24,Exchange rate,,03/2026,1567.0,2950.0,91.2,89.5,,4873.914815,,91.755257,,14291040.0,2143656.0,0.0,269040.0,40356.0,0.0,https://foservices.icegate.gov.in/#/services/notifyPublishScreen,portal
2026-01-27,2026-01-28,Tariff value,09/2026-Customs (N.T),,1567.0,3545.0,91.2,89.5,5064.25,4873.914815,111.565,110.261825,2026-01-27,14291040.0,2143656.0,0.0,323304.0,48495.6,8139.6,,
2026-01-27,2026-01-28,Exchange rate,,04/2026,1567.0,3545.0,91.2,89.5,,4873.914815,,110.261825,,14291040.0,2143656.0,0.0,323304.0,48495.6,0.0,https://foservices.icegate.gov.in/#/services/notifyPublishScreen,portal
2026-01-28,2026-01-29,Exchange rate,,05/2026,1567.0,3545.0,91.2,89.5,,4873.914815,,110.261825,,14291040.0,2143656.0,0.0,323304.0,48495.6,0.0,https://foservices.icegate.gov.in/#/services/notifyPublishScreen,portal
2026-01-29,2026-01-30,Tariff value,10/2026-Customs (N.T),,1709.0,3545.0,91.2,89.5,5405.0,5315.584185,118.45,110.261825,2026-01-29,15586080.0,2337912.0,194256.0,323304.0,48495.6,0.0,,
2026-01-30,2026-01-31,Tariff value,11/2026-Customs (NT),,1740.0,3830.0,91.2,89.5,4981.85,5412.004963,103.19,119.126316,2026-01-30,15868800.0,2380320.0,42408.0,349296.0,52394.4,3898.8,,
2026-02-02,2026-02-02,Tariff value,16/2026-Customs (NT),,1604.0,3339.0,91.2,89.5,4714.75,4988.997679,81.975,103.854509,2026-02-02,14628480.0,2194272.0,-186048.0,304516.8,45677.52,-6716.88,,
2026-02-03,2026-02-04,Tariff value,17/2026-Customs (N.T),,1518.0,2657.0,91.2,89.5,4920.95,4721.507778,87.49,82.641938,2026-02-03,13844160.0,2076624.0,-117648.0,242318.4,36347.76,-9329.76,,
2026-02-03,2026-02-04,Exchange rate,,06/2026,1518.0,2657.0,91.2,89.5,,4721.507778,,82.641938,,13844160.0,2076624.0,0.0,242318.4,36347.76,0.0,https://foservices.icegate.gov.in/#/services/notifyPublishScreen,portal
2026-02-05,2026-02-06,Tariff value,18/2026-Customs (N.T),,1605.0,2934.0,91.2,89.5,4847.25,4992.108026,78.71,91.257601,2026-02-05,14637600.0,2195640.0,119016.0,267580.8,40137.12,3789.36,,
2026-02-05,2026-02-06,Exchange rate,,07/2026,1605.0,2934.0,91.35,89.65,,4992.108026,,91.257601,,14661675.0,2199251.25,3611.25,268020.9,40203.14,66.02,https://foservices.icegate.gov.in/#/services/notifyPublishScreen,portal
2026-02-06,2026-02-07,Tariff value,19/2026-Customs (N.T),,1605.0,2552.0,91.35,89.65,4948.0,4992.108026,74.94,79.376073,2026-02-06,14661675.0,2199251.25,0.0,233125.2,34968.78,-5234.36,,
2026-02-06,2026-02-07,Exchange rate,,08/2026,1605.0,2552.0,91.35,89.65,,4992.108026,,79.376073,,14661675.0,2199251.25,0.0,233125.2,34968.78,0.0,https://foservices.icegate.gov.in/#/services/notifyPublishScreen,portal
2026-02-13,2026-02-14,Tariff value,20/2026-Customs (N.T),,1624.0,2707.0,91.35,89.65,4994.95,5051.204632,77.35,84.197112,2026-02-13,14835240.0,2225286.0,26034.75,247284.45,37092.67,2123.89,,
2026-02-18,2026-02-19,Tariff value,22/2026-Customs (NT),,1624.0,2421.0,91.35,89.65,5003.3,5051.204632,75.45,75.301517,2026-02-18,14835240.0,2225286.0,0.0,221158.35,33173.75,-3918.92,,
2026-02-19,2026-02-20,Exchange rate,,09/2026,1624.0,2421.0,91.9,90.2,,5051.204632,,75.301517,,14924560.0,2238684.0,13398.0,222489.9,33373.49,199.74,https://foservices.icegate.gov.in/#/services/notifyPublishScreen,portal
2026-02-24,2026-02-25,Tariff value,23/2025-Customs (N.T),,1624.0,2817.0,91.9,90.2,5120.25,5051.204632,88.105,87.618494,2026-02-24,14924560.0,2238684.0,0.0,258882.3,38832.35,5458.86,,
2026-02-27,2026-02-28,Tariff value,24/2026-Customs (NT),,1664.0,2800.0,91.9,90.2,5222.3,5175.61854,89.975,87.089735,2026-02-27,15292160.0,2293824.0,55140.0,257320.0,38598.0,-234.35,,
2026-03-05,2026-03-06,Exchange rate,,10/2026,1664.0,2800.0,92.5,90.8,,5175.61854,,87.089735,,15392000.0,2308800.0,14976.0,259000.0,38850.0,252.0,https://foservices.icegate.gov.in/#/services/notifyPublishScreen,portal
2026-03-13,2026-03-14,Tariff value,25/2025-Customs (N.T),,1652.0,2820.0,92.5,90.8,5044.6,5138.294367,83.695,87.711805,2026-03-13,15281000.0,2292150.0,-16650.0,260850.0,39127.5,277.5,,
2026-03-19,2026-03-20,Tariff value,27/2026-Customs (N.T),,1568.0,2820.0,92.5,90.8,4600.35,4877.025162,69.7,87.711805,2026-03-19,14504000.0,2175600.0,-116550.0,260850.0,39127.5,0.0,,
2026-03-19,2026-03-20,Exchange rate,,11/2026,1568.0,2820.0,94.25,92.55,,4877.025162,,87.711805,,14778400.0,2216760.0,41160.0,265785.0,39867.75,740.25,https://foservices.icegate.gov.in/#/services/notifyPublishScreen,portal
2026-03-20,2026-03-21,Tariff value,28/2026-Customs (N.T),,1481.0,2262.0,94.25,92.55,4562.55,4606.424914,72.37,70.356065,2026-03-20,13958425.0,2093763.75,-122996.25,213193.5,31979.03,-7888.72,,
2026-03-30,2026-03-31,Tariff value,32/2026-Customs (N.T),,1450.0,2201.0,94.25,92.55,4529.15,4510.004136,70.75,68.458752,2026-03-30,13666250.0,2049937.5,-43826.25,207444.25,31116.64,-862.39,,
2026-04-02,2026-04-03,Tariff value,35/2026-Customs (N.T),,1526.0,2427.0,94.25,92.55,4639.35,4746.39056,70.99,75.488138,2026-04-02,14382550.0,2157382.5,107445.0,228744.75,34311.71,3195.07,,
2026-04-02,2026-04-03,Exchange rate,,12/2026,1526.0,2427.0,93.8,92.1,,4746.39056,,75.488138,,14313880.0,2147082.0,-10300.5,227652.6,34147.89,-163.82,https://foservices.icegate.gov.in/#/services/notifyPublishScreen,portal
2026-04-15,2026-04-16,Tariff value,37/2026-Customs (N.T),,1544.0,2509.0,93.8,92.1,4823.25,4802.376818,78.575,78.038623,2026-04-15,14482720.0,2172408.0,25326.0,235344.2,35301.63,1153.74,,
2026-04-16,2026-04-17,Exchange rate,,13/2026,1544.0,2509.0,94.2,92.5,,4802.376818,,78.038623,,14544480.0,2181672.0,9264.0,236347.8,35452.17,150.54,https://foservices.icegate.gov.in/#/services/notifyPublishScreen,portal
2026-04-30,2026-05-01,Tariff value,42/2026-Customs (N.T),,1456.0,2360.0,94.2,92.5,4611.35,4528.666222,73.55,73.404205,2026-04-30,13715520.0,2057328.0,-124344.0,222312.0,33346.8,-2105.37,,
2026-05-07,2026-05-08,Exchange rate,,14/2026,1456.0,2360.0,95.15,93.45,,4528.666222,,73.404205,,13853840.0,2078076.0,20748.0,224554.0,33683.1,336.3,https://foservices.icegate.gov.in/#/services/notifyPublishScreen,portal
2026-05-08,2026-05-09,Tariff value,45/2026-Customs (N.T),,1456.0,2603.0,95.15,93.45,4741.4,4528.666222,80.64,80.96235,2026-05-08,13853840.0,2078076.0,0.0,247675.45,37151.32,3468.22,,
2026-05-15,2026-05-16,Tariff value,46/2026-Customs (N.T),,1508.0,2810.0,95.15,93.45,4528.0,4690.404301,78.74,87.40077,2026-05-15,14348620.0,2152293.0,74217.0,267371.5,40105.73,2954.41,,
2026-05-19,2026-05-20,Tariff value,47/2026-Customs (N.T),,1508.0,2455.0,95.15,93.45,4496.7,4690.404301,76.04,76.359036,2026-05-19,14348620.0,2152293.0,0.0,233593.25,35038.99,-5066.74,,
2026-05-20,2026-05-21,Exchange rate,,15/2026,1508.0,2455.0,95.15,93.45,,4690.404301,,76.359036,,14348620.0,2152293.0,0.0,233593.25,35038.99,0.0,https://foservices.icegate.gov.in/#/services/notifyPublishScreen,portal
2026-05-21,2026-05-22,Exchange rate,,16/2026,1508.0,2455.0,97.05,95.35,,4690.404301,,76.359036,,14635140.0,2195271.0,42978.0,238257.75,35738.66,699.67,https://foservices.icegate.gov.in/#/services/notifyPublishScreen,portal
2026-05-29,2026-05-30,Tariff value,49/2026-Customs (N.T),,1423.0,2368.0,97.05,95.35,4545.95,4426.024749,75.785,73.653033,2026-05-29,13810215.0,2071532.25,-123738.75,229814.4,34472.16,-1266.5,,
2026-06-04,2026-06-05,Exchange rate,,17/2026,1423.0,2368.0,96.6,94.9,,4426.024749,,73.653033,,13746180.0,2061927.0,-9605.25,228748.8,34312.32,-159.84,https://foservices.icegate.gov.in/#/services/notifyPublishScreen,portal
2026-06-11,2026-06-12,Tariff value,54/2026-Customs (NT),,1343.0,2092.0,96.6,94.9,4074.85,4177.196934,63.795,65.068473,2026-06-11,12973380.0,1946007.0,-115920.0,202087.2,30313.08,-3999.24,,
2026-06-15,2026-06-16,Tariff value,55/2026-Customs (N.T),,1348.0,2175.0,96.6,94.9,4355.2,4192.748673,70.69,67.650062,2026-06-15,13021680.0,1953252.0,7245.0,210105.0,31515.75,1202.67,,
2026-06-18,2026-06-19,Exchange rate,,18/2026,1348.0,2175.0,95.3,93.6,,4192.748673,,67.650062,,12846440.0,1926966.0,-26286.0,207277.5,31091.63,-424.12,https://foservices.icegate.gov.in/#/services/notifyPublishScreen,portal
2026-06-29,2026-06-30,Tariff value,59/2026-Customs (N.T),,1348.0,1897.0,95.3,93.6,4026.45,4192.748673,57.705,59.003295,2026-06-29,12846440.0,1926966.0,0.0,180784.1,27117.62,-3974.01,,
2026-06-30,2026-07-01,Tariff value,60/2026-Customs (N.T),,1297.0,1875.0,95.3,93.6,4026.05,4034.120941,58.795,58.319019,2026-06-30,12360410.0,1854061.5,-72904.5,178687.5,26803.13,-314.49,,
2026-07-02,2026-07-03,Exchange rate,,19/2026,1297.0,1875.0,95.2,93.5,,4034.120941,,58.319019,,12347440.0,1852116.0,-1945.5,178500.0,26775.0,-28.13,https://foservices.icegate.gov.in/#/services/notifyPublishScreen,portal
2026-07-14,2026-07-15,Exchange rate,,20/2026,1297.0,1875.0,95.2,93.5,,4034.120941,,58.319019,,12347440.0,1852116.0,0.0,178500.0,26775.0,0.0,https://foservices.icegate.gov.in/#/services/notifyPublishScreen,portal
2026-07-15,2026-07-16,Tariff value,63/2026-Customs (N.T),,1311.0,1869.0,95.2,93.5,4062.2,4077.665808,57.95,58.132398,2026-07-15,12480720.0,1872108.0,19992.0,177928.8,26689.32,-85.68,,
2026-07-15,2026-07-16,Exchange rate,,21/2026,1311.0,1869.0,95.2,93.5,,4077.665808,,58.132398,,12480720.0,1872108.0,0.0,177928.8,26689.32,0.0,https://foservices.icegate.gov.in/#/services/notifyPublishScreen,portal
2026-07-16,2026-07-17,Exchange rate,,22/2026,1311.0,1869.0,97.2,95.45,,4077.665808,,58.132398,,12742920.0,1911438.0,39330.0,181666.8,27250.02,560.7,https://foservices.icegate.gov.in/#/services/notifyPublishScreen,portal
2026-07-31,2026-08-01,Tariff value,68/2026-Customs (NT),,1323.0,1875.0,97.2,95.45,4026.6,4114.989981,57.725,58.319019,2026-07-31,12859560.0,1928934.0,17496.0,182250.0,27337.5,87.48,,
2026-08-06,2026-08-07,Exchange rate,,23/2026,1323.0,1875.0,96.05,94.3,,4114.989981,,58.319019,,12707415.0,1906112.25,-22821.75,180093.75,27014.06,-323.44,https://foservices.icegate.gov.in/#/services/notifyPublishScreen,portal
2026-08-10,2026-08-11,Tariff value,69/2026-Customs (N.T),,1395.0,2076.0,96.05,94.3,4324.45,4338.935014,63.935,64.570818,2026-08-10,13398975.0,2009846.25,103734.0,199399.8,29909.97,2895.91,,
2026-08-14,2026-08-15,Tariff value,70/2026-Customs (N.T),,1407.0,2097.0,96.05,94.3,4390.7,4376.259186,64.605,65.223991,2026-08-14,13514235.0,2027135.25,17289.0,201416.85,30212.53,302.56,,
2026-08-20,2026-08-21,Exchange rate,,24/2026,1407.0,2097.0,96.5,94.8,,4376.259186,,65.223991,,13577550.0,2036632.5,9497.25,202360.5,30354.08,141.55,https://foservices.icegate.gov.in/#/services/notifyPublishScreen,portal
2026-08-25,2026-08-26,Tariff value,71/2026-Customs (N.T),,1500.0,2097.0,96.5,94.8,4615.45,4665.52152,67.865,65.223991,2026-08-25,14475000.0,2171250.0,134617.5,202360.5,30354.08,0.0,,
2026-08-31,2026-09-01,Tariff value,72/2026-Customs (N.T),,1468.0,2267.0,96.5,94.8,4562.75,4565.990394,70.26,70.511582,2026-08-28,14166200.0,2124930.0,-46320.0,218765.5,32814.83,2460.75,,
2026-09-03,2026-09-04,Exchange rate,,25/2026,1468.0,2267.0,95.25,93.55,,4565.990394,,70.511582,,13982700.0,2097405.0,-27525.0,215931.75,32389.76,-425.07,https://foservices.icegate.gov.in/#/services/notifyPublishScreen,portal
2026-09-15,2026-09-16,Tariff value,75/2026-Customs (N.T),,1373.0,2028.0,95.25,93.55,4296.15,4270.507365,63.17,63.077851,2026-09-15,13077825.0,1961673.75,-135731.25,193167.0,28975.05,-3414.71,,
2026-09-16,2026-09-17,Exchange rate,,26/2026,1373.0,2028.0,95.25,93.55,,4270.507365,,63.077851,,13077825.0,1961673.75,0.0,193167.0,28975.05,0.0,https://foservices.icegate.gov.in/#/services/notifyPublishScreen,portal
2026-09-17,2026-09-18,Exchange rate,,27/2026,1373.0,2028.0,96.8,95.1,,4270.507365,,63.077851,,13290640.0,1993596.0,31922.25,196310.4,29446.56,471.51,https://foservices.icegate.gov.in/#/services/notifyPublishScreen,portal
